nom;prénom;cle
Baron;Paul;16.333333333333332
Tallant;Greg;10.666666666666666
Goury;Zoé;12.666666666666666
CMOI;Arthur;14.0
